{"cameraMode":{"drawMode":0,"name":"Shaded","section":"Shading Mode"},"sceneLighting":false,"audioPlay":false,"sceneViewState":{"showFog":true,"showMaterialUpdate":false,"showSkybox":true,"showFlares":true,"showImageEffects":true,"showParticleSystems":true},"in2DMode":false,"pivot":{"x":0.00030497461557388306,"y":0.05283799022436142,"z":0.00005405396223068237},"rotation":{"x":0.15890860557556153,"y":-0.01777491346001625,"z":0.002868598559871316,"w":0.9871441721916199},"size":0.2781733572483063,"orthographic":false}