{"cameraMode":{"drawMode":0,"name":"Shaded","section":"Shading Mode"},"sceneLighting":false,"audioPlay":false,"sceneViewState":{"showFog":true,"showMaterialUpdate":false,"showSkybox":true,"showFlares":true,"showImageEffects":true,"showParticleSystems":true},"in2DMode":false,"pivot":{"x":0.0000958070158958435,"y":0.012759128585457802,"z":-0.013771876692771912},"rotation":{"x":0.15890860557556153,"y":-0.01777491346001625,"z":0.002868598559871316,"w":0.9871441721916199},"size":0.22495625913143159,"orthographic":false}