{"cameraMode":{"drawMode":0,"name":"Shaded","section":"Shading Mode"},"sceneLighting":true,"audioPlay":false,"sceneViewState":{"showFog":false,"showMaterialUpdate":false,"showSkybox":false,"showFlares":false,"showImageEffects":false,"showParticleSystems":false},"in2DMode":false,"pivot":{"x":3.2200000286102297,"y":0.4838281273841858,"z":25.059999465942384},"rotation":{"x":-0.24586915969848634,"y":0.000006769045285182074,"z":0.00002686051266209688,"w":-0.9693337082862854},"size":21.43300437927246,"orthographic":false}