{"cameraMode":{"drawMode":0,"name":"Shaded","section":"Shading Mode"},"sceneLighting":false,"audioPlay":false,"sceneViewState":{"showFog":true,"showMaterialUpdate":false,"showSkybox":false,"showFlares":true,"showImageEffects":true,"showParticleSystems":true},"in2DMode":false,"pivot":{"x":0.5344023704528809,"y":0.05358833819627762,"z":-0.05784188210964203},"rotation":{"x":0.01735726185142994,"y":0.1928509920835495,"z":0.0034117752220481636,"w":-0.9810742735862732},"size":0.9448160529136658,"orthographic":false}