{"cameraMode":{"drawMode":0,"name":"Shaded","section":"Shading Mode"},"sceneLighting":false,"audioPlay":false,"sceneViewState":{"showFog":true,"showMaterialUpdate":false,"showSkybox":true,"showFlares":true,"showImageEffects":true,"showParticleSystems":true},"in2DMode":false,"pivot":{"x":0.008851900696754456,"y":0.25455594062805178,"z":-0.14717912673950196},"rotation":{"x":0.15890860557556153,"y":-0.01777491346001625,"z":0.002868598559871316,"w":0.9871441721916199},"size":2.0296151638031008,"orthographic":false}