{"cameraMode":{"drawMode":0,"name":"Shaded","section":"Shading Mode"},"sceneLighting":false,"audioPlay":false,"sceneViewState":{"showFog":true,"showMaterialUpdate":false,"showSkybox":true,"showFlares":true,"showImageEffects":true,"showParticleSystems":true},"in2DMode":false,"pivot":{"x":0.028080344200134279,"y":1.0924620628356934,"z":-0.1251608282327652},"rotation":{"x":0.0933607816696167,"y":0.04895782470703125,"z":-0.004608954768627882,"w":0.9944431781768799},"size":4.765739917755127,"orthographic":false}