{"cameraMode":{"drawMode":0,"name":"Shaded","section":"Shading Mode"},"sceneLighting":true,"audioPlay":false,"sceneViewState":{"showFog":true,"showMaterialUpdate":false,"showSkybox":true,"showFlares":true,"showImageEffects":true,"showParticleSystems":true},"in2DMode":false,"pivot":{"x":-228.21238708496095,"y":1.870575189590454,"z":223.863525390625},"rotation":{"x":0.08165274560451508,"y":0.47429418563842776,"z":-0.044237665832042697,"w":0.8754580020904541},"size":15.576934814453125,"orthographic":false}