{"cameraMode":{"drawMode":0,"name":"Shaded","section":"Shading Mode"},"sceneLighting":false,"audioPlay":false,"sceneViewState":{"showFog":true,"showMaterialUpdate":false,"showSkybox":false,"showFlares":true,"showImageEffects":true,"showParticleSystems":true},"in2DMode":false,"pivot":{"x":0.415843665599823,"y":0.2484358698129654,"z":-0.010195521637797356},"rotation":{"x":-0.000279603322269395,"y":-0.4398283064365387,"z":0.0001336347049800679,"w":-0.8980929851531982},"size":1.129615306854248,"orthographic":false}